Title,Author,Book Format,Year
What I Like Most,"by Murphy, Mary",Picture Book - ,2020.0
Look and Be Grateful,"by DePaola, Tomie",Board Book - ,2019.0
The Thank You Book,"by Ray, Mary Lyn",Picture Book - ,2018.0
Thank You Bees,"by Yuly, Toni",Board Book - ,2020.0
Apple Cake,"by Casey, Dawn",Picture Book - ,2019.0
Thankful,"by Spinelli, Eileen",Picture Book - ,2015.0
Sometimes It's Hard to Be Nice,"by Rudd, Maggie",Picture Book - ,2021.0
Bear Says Thanks,"by Wilson, Karma",Picture Book - ,2012.0
All of Me!,"by Bang, Molly",Picture Book - ,2009.0
Lala's Words,"by Zhang, Gracey",Picture Book - ,2021.0
The Thankful Book,"by Parr, Todd",Board Book - ,2018.0
A Small Kindness,"by McAnulty, Stacy",Picture Book - ,2021.0
Thanks From the Very Hungry Caterpillar,"by Carle, Eric",Picture Book - ,2017.0
